<?xml version="1.0" encoding="UTF-8"?>
<!DOCTYPE suite SYSTEM "https://testng.org/testng-1.0.dtd">
<suite name="hackathon"> 
	<listeners>
  		<listener class-name="utilities.ExtentReportManager"/>
  	</listeners>
	  <test thread-count="5" name="ChromeTest">
	  <parameter name="browser" value="chrome"/>
	  	<groups>
  			<run>
  				<include name="functional" />
  			</run>
  		</groups>
  		
	    <classes>
	      <class name="testCases.TemperatureConverterTest"/>
	      <class name="testCases.CityTemperatureTest"/>
	    </classes>
	  </test> <!-- Chrome Test -->
	  <!-- 
	  <test thread-count="5" name="EdgeTest">
	  <parameter name="browser" value="edge"/>
	  	
	    <classes>
	      <class name="testCases.TemperatureConverterTest"/>
	      <class name="testCases.CityTemperatureTest"/>
	    </classes>
	  </test> 
	  
	  <test thread-count="5" name="FirefoxTest">
	  <parameter name="browser" value="firefox"/>
	  	
	    <classes>
	      <class name="testCases.TemperatureConverterTest"/>
	      <class name="testCases.CityTemperatureTest"/>
	    </classes>
	  </test> -->
</suite>  
